{"cameraMode":{"drawMode":0,"name":"Shaded","section":"Shading Mode"},"sceneLighting":false,"audioPlay":false,"sceneViewState":{"m_AlwaysRefresh":false,"showFog":true,"showSkybox":false,"showFlares":true,"showImageEffects":true,"showParticleSystems":true,"showVisualEffectGraphs":true,"m_FxEnabled":true},"in2DMode":false,"pivot":{"x":-0.004839584231376648,"y":0.014479637145996094,"z":0.6154062747955322},"rotation":{"x":0.0037263045087456705,"y":0.8720526695251465,"z":-0.006511277053505182,"w":0.48947757482528689},"size":0.8887885808944702,"orthographic":false}