{"cameraMode":{"drawMode":0,"name":"Shaded","section":"Shading Mode"},"sceneLighting":false,"audioPlay":false,"sceneViewState":{"m_AlwaysRefresh":false,"showFog":true,"showSkybox":false,"showFlares":true,"showImageEffects":true,"showParticleSystems":true,"showVisualEffectGraphs":true,"m_FxEnabled":true},"in2DMode":false,"pivot":{"x":0.004104018211364746,"y":0.9975788593292236,"z":0.22639989852905274},"rotation":{"x":0.0037263045087456705,"y":0.8720526695251465,"z":-0.006511277053505182,"w":0.48947757482528689},"size":2.3856239318847658,"orthographic":false}