{"cameraMode":{"drawMode":0,"name":"Shaded","section":"Shading Mode"},"sceneLighting":true,"audioPlay":false,"sceneViewState":{"m_AlwaysRefresh":false,"showFog":true,"showSkybox":true,"showFlares":true,"showImageEffects":true,"showParticleSystems":true,"showVisualEffectGraphs":true,"m_FxEnabled":true},"in2DMode":false,"pivot":{"x":2.149958372116089,"y":1.1020077466964722,"z":8.112482070922852},"rotation":{"x":-0.03636901080608368,"y":-0.24248625338077546,"z":0.009110906161367894,"w":-0.969470739364624},"size":1.3095664978027344,"orthographic":false}