{"cameraMode":{"drawMode":0,"name":"Shaded","section":"Shading Mode"},"sceneLighting":false,"audioPlay":false,"sceneViewState":{"m_AlwaysRefresh":false,"showFog":true,"showSkybox":false,"showFlares":true,"showImageEffects":true,"showParticleSystems":true,"showVisualEffectGraphs":true,"m_FxEnabled":true},"in2DMode":false,"pivot":{"x":0.12809693813323975,"y":0.45802801847457888,"z":0.5149153470993042},"rotation":{"x":0.21128080785274507,"y":-0.0319594107568264,"z":0.00691137695685029,"w":0.9768808484077454},"size":2.3713526725769045,"orthographic":false}