{"cameraMode":{"drawMode":0,"name":"Shaded","section":"Shading Mode"},"sceneLighting":false,"audioPlay":false,"sceneViewState":{"m_AlwaysRefresh":false,"showFog":true,"showSkybox":false,"showFlares":true,"showImageEffects":true,"showParticleSystems":true,"showVisualEffectGraphs":true,"m_FxEnabled":true},"in2DMode":false,"pivot":{"x":0.11665022373199463,"y":0.012566149234771729,"z":-0.004765629768371582},"rotation":{"x":0.0037263045087456705,"y":0.8720526695251465,"z":-0.006511277053505182,"w":0.48947757482528689},"size":1.26157808303833,"orthographic":false}